index,nom,unité,poids (en kg),dimension (en cm)
0,D'origine Xiaomi Mi Piston Écouteurs Date Xiaomi Frais Édition De Base Version Écouteurs En Stock avec Micro pour Samsung pour X...,pièce,0.1,10 x 10 x 2 
1,100% D'origine Mi Xiaomi Piston 3 Frais Jeunes Version Écouteurs In-Ear 3.5mm Coloré Écouteur Avec Mic Écouteurs Derniers,pièce,0.05,30 x 20 x 15 
2,Sans fil Bluetooth Écouteur pour iPhone USAMS Original Touch Control Bluetooth Casque pour iPad apple Montre avec Boîte De Char...,pièce,0.1,10 x 10 x 3 
3,D'origine PTM Écouteurs P3 Casque Stéréo Écouteurs avec Microphone pour Mobile Téléphone Fone de ouvido Auriculares Audifonos,pièce,0.05,12 x 8 x 9 
4,Wavefun bluetooth casque IPX7 étanche sans fil casque sport basse bluetooth écouteurs avec micro pour téléphone iPhone xiaomi,pièce,0.15,12 x 8 x 6 
5,D'origine Marque Musttrue Écouteurs P10 Casque Sport Écouteurs avec Microphone Pour Téléphone Mobile Xiaomi Fone de ouvido Auric...,pièce,0.03,13 x 13 x 5 
6,GETIHU Jumeaux Bluetooth Écouteurs Stéréo Casque Téléphone Sport Casque mini-Écouteurs Sans Fil Mini Écouteurs Écouteur Pour iPh...,pièce,0.08,5 x 10 x 5 
7,Bluedio TE Sport bluetooth casque/sans fil intra-auriculaires avec microphone intégré à la sueur écouteurs pour téléphones et mu...,pièce,0.1,10 x 10 x 2 
8,Le fsi M1 Mini Bluetooth Casque D'affaires Écouteurs avec Micro Invisible Sans Fil Casque Musique Le Bruit des Écouteurs Annulat...,pièce,0.1,10 x 10 x 5 
9,In-ear Écouteurs Écouteurs Stéréo Sport Casque à Isolation de Bruit Casque avec Micro pour iphone Xiaomi Samsung Mobile téléphon...,pièce,0.05,16 x 14 x 5 
10,Vchicsoar i7 Jumeaux Bluetooth Écouteurs Stéréo Casque Sport Casque mini-Écouteurs Sans Fil Mini Écouteurs Écouteur pour iPhone,pièce,0.14,14 x 10 x 5 
11,Meizu EP52 Bluetooth Écouteur Étanche IPX5 Avec 8 Heures Batterie Vie Sport Sans Fil Écouteurs Bluetooth 4.1 Mise À Niveau MEIZU...,pièce,0.2,20 x 10 x 5 
12,Langsdom SE3 Casque In Ear Écouteurs Vente Chaude Écouteur Pour Mobile Téléphone Android Xiaomi Samsung PC fone de ouvido DJ,pièce,0.03,13 x 13 x 3 
13,Véritable Samsung eo-eg920bw écouteurs In-Ear avec contrôle haut-parleur pour xiaomi note1/2/3 rednote 1/2/3/4 Galaxy S6 S7 Bord...,pièce,0.05,10 x 10 x 10 
14,FANGTUOSI S530 Mini Sans Fil Bluetooth Écouteur dans l'oreille Sport avec Mic Écouteurs Mains Libres Casque Écouteurs Écouteur p...,pièce,0.035,6 x 6 x 6 
15,Apple Écouteurs pour Mobile de Téléphone D'origine Apple EarPods avec 3.5mm Écouteurs Pour iPhone 5/5S/5c/6/6 s Plus/SE iPad Mac...,pièce,0.06,20 x 20 x 5 
16,KZ ED4 Métal Stéréo Écouteurs Isolation Du Bruit In-Ear Musique Écouteurs avec Microphone pour Téléphone Mobile MP3 MP4,pièce,0.05,12 x 4 x 8 
17,Entreprise Électronique AVEZ Moine Plus Intra-auriculaires Hifi Casque Dans l'oreille Écouteur,pièce,0.1,15 x 15 x 10 
18,Vente chaude Langsdom F9 Métal Téléphone Écouteurs Moitié In-Ear Écouteur avec Microphone Casque Écouteurs pour téléphone Xiaomi...,pièce,0.15,14 x 10 x 5 
19,MP3/mp4 Moulinette Stéréo Subwoofer Écouteur Dans L'oreille Casque Intra-auriculaires 1.1 M Réfléchissant Fiber De Tissu Ligne M...,pièce,0.1,10 x 5 x 10 
20,HUINIU In-Ear Tête téléphone 3.5mm Stéréo Casque Construire-dans le Microphone Sport Écouteur MP3 PC Gaming Auriculares pour IOS...,pièce,0.03,10 x 10 x 2 
21,RY04 d'origine dans l'oreille Écouteurs en métal 15mm musique qualité sonore HIFI Écouteur (IE800 style câble) 3.5mm stéréo intr...,pièce,0.04,15 x 15 x 4 
22,D'origine HUAWEI Honor AM116 Écouteurs En Métal Avec Micro Contrôle Du Volume Pour HUAWEI P7 P8 P9 Lite P10 Plus Honneur 5X 6X C...,pièce,0.1,20 x 10 x 5 
23,Nouveau 3.5mm Basse Stéréo Filaire Écouteurs In-Ear sport musique Métal Casque pour PC smartphone MP3,pièce,0.1,20 x 10 x 5 
24,Picun H2 Bluetooth Casque Étanche Sans Fil Casque Sport Basse Bluetooth Écouteurs avec Micro pour iPhone Pour xiaomi Gym,pièce,0.228,15 x 12 x 5 
25,IPX7 Étanche Bluetooth 4.2 Écouteur Tactile Contrôle Sans Fil Écouteurs Langsdom F8 TWS Sans Fil Casque pour iphone Siri À Dista...,pièce,0.3,26 x 18 x 15 
26,100% D'origine Samsung écouteurs eo-eg920bw avec 1.2 m Longueur pour Galaxy S6 S7 Bord/S3/S4/S5 xiaomi note1/2/3 rednote 1/2/3/4,pièce,0.05,10 x 10 x 10 
27,KZ ED9x Super Bol Tuning Buses Écouteur Dans L'oreille Moniteurs HiFi Écouteurs Avec Microphone Son Transparent,pièce,0.06,12 x 4 x 8 
28,Écouteurs QKZ DT1 Professional In-Ear Écouteurs En Métal Basse Lourde Qualité Sonore Musique Écouteurs Haut de Gamme Marque Casq...,pièce,0.06,8 x 7 x 6 
29,Bluedio TE d'origine mini bluetooth sans fil écouteur sweatproof sport écouteurs avec microphone pour téléphone et musique casqu...,pièce,0.1,10 x 10 x 2 
30,KZ ATES MANGÉ RTA HD9 Cuivre Pilote HiFi Sport Casque Dans L'oreille Écouteurs Pour La Course Avec Microphone,pièce,0.05,12 x 4 x 8 
31,3.5 MM course à pied Écouteurs In-Ear Écouteurs Antibruit Écouteurs avec Micro écouteurs Pour Téléphone Mobile Xiaomi Fone de ou...,pièce,0.05,12 x 4 x 8 
32,Dacom G06 neckband IPX5 étanche mains libres stéréo sport casque sans fil bluetooth écouteur casque pour téléphone iphone,pièce,0.172,17 x 15 x 5 
33,KD Mini sans fil Bluetooth écouteur et in-ear stéréo Hifi microphone casque avec Portable de charge du bloc d'alimentation pour ...,pièce,0.15,10 x 10 x 5 
34,Baseus H04 Bass Sound Écouteurs In-Ear Sport Écouteurs avec micro pour xiaomi iPhone Samsung Casque fone de ouvido auriculares M...,pièce,0.06,15 x 5 x 2 
35,Vente chaude PTM Écouteur Aller Pro Casque avec Microphone Écouteurs pour Mobile Téléphone Xiaomi Auriculares Fone de ouvido,pièce,0.03,15 x 15 x 3 
36,ALANGDUO G6 Bluetooth Écouteurs IPX7 Étanche Sport Sans Fil Bluetooth Casque Casque Écouteurs Avec Micro pour iPhone Xiaomi,pièce,0.15,10 x 10 x 10 
37,Sport In-Ear Écouteurs Avec Micro 3.5mm Filaire Stéréo Casque Mains Libres Écouteurs Pour Mp3 MP4 Lecteur iPhone Xiaomi Mobile S...,pièce,0.03,10 x 10 x 3 
38,100% D'origine Xiaomi Piston 3 Écouteurs Jeunes Coloré Édition 3.5mm 3ème Basse Écouteurs De Base Version Casque avec Télécomman...,pièce,0.05,5 x 5 x 3 
39,Langsdom E6U In-Ear Écouteurs pour iPhone Basse Casque avec Microphone Téléphone Écouteurs pour Xiaomi Airpods Earpods fone de o...,pièce,0.12,18 x 12 x 6 
40,Tebaurry D'affaires Bluetooth Écouteur Sans Fil Casque Avec Mic 24 Heures Temps de Travail Bluetooth Casque pour téléphone iphon...,pièce,0.1,20 x 5 x 5 
41,ONIKUMA Portable Casque Sans Fil Pliable Bluetooth Casque Écouteur Casque Écouteurs Écouteurs Avec Mic Soutien SD FM,pièce,0.23,8 x 8 x 9 
42,KZ ZS10 4BA Avec 1 Dynamique Hybride Dans L'oreille Écouteurs HIFI DJ Monito de Course Sport Écouteurs 5 Unité D'entraînement Ca...,pièce,0.2,25 x 20 x 6 
43,ANBES V3 Filaire Écouteurs Haute Basse Double Lecteur Stéréo In-Ear Écouteurs Casque Avec Microphone Ordinateur Écouteurs Pour T...,pièce,0.05,5 x 5 x 5 
44,GETIHU Bluetooth Écouteurs Casque Téléphone Sport Casque in Ear Stéréo Bourgeons Sans Fil Mini Écouteurs Casque Pour iPhone Sams...,pièce,0.05,5 x 5 x 5 
